{
  "droo": {
    "label": "DROO",
    "final_source": "raw_episode_series",
    "final_window_ratio": 0.1,
    "final_window_count": 40,
    "qoe_final": 21.86552869750558,
    "delay_final": 6.575991414202319,
    "energy_final": 9.968446975169156,
    "drop_final": 52.375,
    "runtime_trimmed_median": 0.48911441700001035
  },
  "qeco": {
    "label": "QECO",
    "final_source": "raw_episode_series",
    "final_window_ratio": 0.1,
    "final_window_count": 40,
    "qoe_final": 25.655678826159303,
    "delay_final": 6.03874219938009,
    "energy_final": 12.277600563749361,
    "drop_final": 26.975,
    "runtime_trimmed_median": 0.20085433300000233
  },
  "qeco_adapt": {
    "label": "QECO-ADAPT",
    "final_source": "raw_episode_series",
    "final_window_ratio": 0.1,
    "final_window_count": 40,
    "qoe_final": 25.437299113912356,
    "delay_final": 6.025133445472748,
    "energy_final": 11.99428027661857,
    "drop_final": 28.9,
    "runtime_trimmed_median": 0.20151587499999835
  },
  "twdqn": {
    "label": "Tang&Wong DQN",
    "final_source": "raw_episode_series",
    "final_window_ratio": 0.1,
    "final_window_count": 40,
    "qoe_final": 25.478210400699325,
    "delay_final": 6.076653403779733,
    "energy_final": 12.584267668932476,
    "drop_final": 27.3,
    "runtime_trimmed_median": 0.19980085399999936
  }
}