{
  "runs": {
    "droo": "/home/wsl/Alpha_1/experiment_results/droo/run_20260409_161653",
    "qeco": "/home/wsl/Alpha_1/experiment_results/qeco/run_20260409_172207",
    "qeco_adapt": "/home/wsl/Alpha_1/experiment_results/qeco_adapt/run_20260409_182734",
    "twdqn": "/home/wsl/Alpha_1/experiment_results/twdqn/run_20260409_200334"
  },
  "output_dir": "/home/wsl/Alpha_1/experiment_results/comparisons/user_50_ep_400_edge_10",
  "scenario_title": "user_50_ep_400_edge_10",
  "scenario_profile": {
    "num_users": 50,
    "num_edges": 10,
    "episodes": 400,
    "max_delay": 10
  },
  "algorithms": [
    "droo",
    "qeco",
    "qeco_adapt",
    "twdqn"
  ],
  "episode_points": 400,
  "finals_source": {
    "series": "raw episode QoE/Delay/Energy/Drop files in each run directory",
    "window_ratio": 0.1,
    "note": "Time-series, averages, and finals use raw episode series when available; compatibility output is used only as a fallback."
  },
  "metrics": {
    "qoe": {
      "droo": {
        "mean": 10.263410093422818,
        "final": 10.534922260628472
      },
      "qeco": {
        "mean": 19.92904077710595,
        "final": 23.31666637594022
      },
      "qeco_adapt": {
        "mean": 20.11971245848176,
        "final": 23.6243568130162
      },
      "twdqn": {
        "mean": 20.98277235962787,
        "final": 25.491326718500492
      }
    },
    "delay": {
      "droo": {
        "mean": 8.276446257216268,
        "final": 8.172906739278421
      },
      "qeco": {
        "mean": 6.908543271555117,
        "final": 6.470394736842105
      },
      "qeco_adapt": {
        "mean": 6.8671766142017825,
        "final": 6.517833553500661
      },
      "twdqn": {
        "mean": 6.754197814336279,
        "final": 6.154325259515571
      }
    },
    "energy": {
      "droo": {
        "mean": 8.015667229214086,
        "final": 8.226291482472934
      },
      "qeco": {
        "mean": 11.340029045255484,
        "final": 11.461232555086156
      },
      "qeco_adapt": {
        "mean": 11.266382875467242,
        "final": 11.306501523456522
      },
      "twdqn": {
        "mean": 11.301766822783115,
        "final": 11.227634533329196
      }
    },
    "drop": {
      "droo": {
        "mean": 679.825,
        "final": 679.0
      },
      "qeco": {
        "mean": 310.7775,
        "final": 216.0
      },
      "qeco_adapt": {
        "mean": 306.2525,
        "final": 199.0
      },
      "twdqn": {
        "mean": 279.0225,
        "final": 138.0
      }
    }
  },
  "runtime": {
    "droo": {
      "count": 400,
      "trim_ratio": 0.1,
      "median": 9.450896757509327,
      "trimmed_mean": 9.480488947992125,
      "trimmed_median": 9.450896757509327
    },
    "qeco": {
      "count": 400,
      "trim_ratio": 0.1,
      "median": 7.487916765472619,
      "trimmed_mean": 7.6461525011049165,
      "trimmed_median": 7.487916765472619
    },
    "qeco_adapt": {
      "count": 400,
      "trim_ratio": 0.1,
      "median": 8.104551764496136,
      "trimmed_mean": 8.201181876896953,
      "trimmed_median": 8.104551764496136
    },
    "twdqn": {
      "count": 400,
      "trim_ratio": 0.1,
      "median": 6.4097568215220235,
      "trimmed_mean": 6.463301741073519,
      "trimmed_median": 6.4097568215220235
    }
  },
  "finals_only": {
    "droo": {
      "label": "DROO",
      "final_source": "raw_episode_series",
      "final_window_ratio": 0.1,
      "final_window_count": 40,
      "qoe_final": 10.54584695423534,
      "delay_final": 8.25088297984839,
      "energy_final": 8.524586505431941,
      "drop_final": 668.2,
      "runtime_trimmed_median": 9.450896757509327
    },
    "qeco": {
      "label": "QECO",
      "final_source": "raw_episode_series",
      "final_window_ratio": 0.1,
      "final_window_count": 40,
      "qoe_final": 23.80186547081046,
      "delay_final": 6.3078852001599435,
      "energy_final": 11.219851372363422,
      "drop_final": 196.925,
      "runtime_trimmed_median": 7.487916765472619
    },
    "qeco_adapt": {
      "label": "QECO-ADAPT",
      "final_source": "raw_episode_series",
      "final_window_ratio": 0.1,
      "final_window_count": 40,
      "qoe_final": 24.246031989301265,
      "delay_final": 6.222687560680984,
      "energy_final": 11.06372055886373,
      "drop_final": 184.5,
      "runtime_trimmed_median": 8.104551764496136
    },
    "twdqn": {
      "label": "Tang&Wong DQN",
      "final_source": "raw_episode_series",
      "final_window_ratio": 0.1,
      "final_window_count": 40,
      "qoe_final": 24.772943478034268,
      "delay_final": 6.159087267309474,
      "energy_final": 11.211855171265071,
      "drop_final": 165.65,
      "runtime_trimmed_median": 6.4097568215220235
    }
  },
  "visualization": {
    "smoothing_method": "moving_average",
    "smoothing_window": 25,
    "smoothed_chart": "/home/wsl/Alpha_1/experiment_results/comparisons/user_50_ep_400_edge_10/comparison_timeseries_smoothed.png"
  }
}