{
  "runs": {
    "droo": "/home/wsl/Alpha_1/experiment_results/droo/run_20260415_132612",
    "qeco": "/home/wsl/Alpha_1/experiment_results/qeco/run_20260415_142648",
    "qeco_adapt": "/home/wsl/Alpha_1/experiment_results/qeco_adapt/run_20260415_163919",
    "twdqn": "/home/wsl/Alpha_1/experiment_results/twdqn/run_20260415_154303"
  },
  "output_dir": "/home/wsl/Alpha_1/experiment_results/comparisons/user_50_ep_400_edge_3",
  "scenario_title": "user_50_ep_400_edge_3",
  "scenario_profile": {
    "num_users": 50,
    "num_edges": 3,
    "episodes": 400,
    "max_delay": 10
  },
  "algorithms": [
    "droo",
    "qeco",
    "qeco_adapt",
    "twdqn"
  ],
  "episode_points": 400,
  "finals_source": {
    "series": "raw episode QoE/Delay/Energy/Drop files in each run directory",
    "window_ratio": 0.1,
    "note": "Time-series, averages, and finals use raw episode series when available; compatibility output is used only as a fallback."
  },
  "metrics": {
    "qoe": {
      "droo": {
        "mean": 10.263410093422818,
        "final": 10.534922260628472
      },
      "qeco": {
        "mean": 17.294707866545526,
        "final": 21.063471265307996
      },
      "qeco_adapt": {
        "mean": 17.45862270278401,
        "final": 21.55040710423284
      },
      "twdqn": {
        "mean": 17.792203105873803,
        "final": 22.26762020201171
      }
    },
    "delay": {
      "droo": {
        "mean": 8.276446257216268,
        "final": 8.172906739278421
      },
      "qeco": {
        "mean": 7.348656186208668,
        "final": 6.923935799023028
      },
      "qeco_adapt": {
        "mean": 7.325827336417717,
        "final": 6.766943291839557
      },
      "twdqn": {
        "mean": 7.2856042473974485,
        "final": 6.730982019363762
      }
    },
    "energy": {
      "droo": {
        "mean": 8.015667229214086,
        "final": 8.226291482472934
      },
      "qeco": {
        "mean": 17.300376431365283,
        "final": 17.01018837588619
      },
      "qeco_adapt": {
        "mean": 17.179016979791072,
        "final": 16.433019515214706
      },
      "twdqn": {
        "mean": 17.231604834871472,
        "final": 16.390770579727427
      }
    },
    "drop": {
      "droo": {
        "mean": 679.825,
        "final": 679.0
      },
      "qeco": {
        "mean": 395.7775,
        "final": 280.0
      },
      "qeco_adapt": {
        "mean": 391.94,
        "final": 270.0
      },
      "twdqn": {
        "mean": 381.6,
        "final": 248.0
      }
    }
  },
  "runtime": {
    "droo": {
      "count": 400,
      "trim_ratio": 0.1,
      "median": 8.561119989026338,
      "trimmed_mean": 8.729023518472967,
      "trimmed_median": 8.561119989026338
    },
    "qeco": {
      "count": 400,
      "trim_ratio": 0.1,
      "median": 7.042419960023835,
      "trimmed_mean": 7.167020553338079,
      "trimmed_median": 7.042419960023835
    },
    "qeco_adapt": {
      "count": 400,
      "trim_ratio": 0.1,
      "median": 7.374369501485489,
      "trimmed_mean": 7.296929708994503,
      "trimmed_median": 7.374369501485489
    },
    "twdqn": {
      "count": 400,
      "trim_ratio": 0.1,
      "median": 7.138161429495085,
      "trimmed_mean": 7.259676605630011,
      "trimmed_median": 7.138161429495085
    }
  },
  "finals_only": {
    "droo": {
      "label": "DROO",
      "final_source": "raw_episode_series",
      "final_window_ratio": 0.1,
      "final_window_count": 40,
      "qoe_final": 10.54584695423534,
      "delay_final": 8.25088297984839,
      "energy_final": 8.524586505431941,
      "drop_final": 668.2,
      "runtime_trimmed_median": 8.561119989026338
    },
    "qeco": {
      "label": "QECO",
      "final_source": "raw_episode_series",
      "final_window_ratio": 0.1,
      "final_window_count": 40,
      "qoe_final": 21.258256509949362,
      "delay_final": 6.8775573827036345,
      "energy_final": 16.59338035154752,
      "drop_final": 275.225,
      "runtime_trimmed_median": 7.042419960023835
    },
    "qeco_adapt": {
      "label": "QECO-ADAPT",
      "final_source": "raw_episode_series",
      "final_window_ratio": 0.1,
      "final_window_count": 40,
      "qoe_final": 21.53846773935976,
      "delay_final": 6.851684247429729,
      "energy_final": 16.562864994623776,
      "drop_final": 269.6,
      "runtime_trimmed_median": 7.374369501485489
    },
    "twdqn": {
      "label": "Tang&Wong DQN",
      "final_source": "raw_episode_series",
      "final_window_ratio": 0.1,
      "final_window_count": 40,
      "qoe_final": 21.803284850934688,
      "delay_final": 6.822935504548829,
      "energy_final": 16.679654182150117,
      "drop_final": 260.625,
      "runtime_trimmed_median": 7.138161429495085
    }
  },
  "visualization": {
    "smoothing_method": "moving_average",
    "smoothing_window": 25,
    "smoothed_chart": "/home/wsl/Alpha_1/experiment_results/comparisons/user_50_ep_400_edge_3/comparison_timeseries_smoothed.png"
  }
}